filename,width,height,class,xmin,ymin,xmax,ymax
1001.jpeg,1368,1824,wallet,418,1137,1137,1356
1001.jpeg,1368,1824,cup,666,621,621,1132
1001.jpeg,1368,1824,bag,85,553,553,914
1002.jpeg,1512,2016,bag,16,54,54,1801
1004.jpeg,1500,2000,cup,92,370,370,1527
1009.jpeg,720,540,wallet,123,49,49,454
1013.jpeg,540,720,cup,135,229,229,472
1016.jpeg,1728,2304,phone,475,1065,1065,1482
1022.jpeg,2304,1728,phone,1136,789,789,1416
1022.jpeg,2304,1728,wallet,1131,174,174,768
1022.jpeg,2304,1728,key,1654,1299,1299,1514
1022.jpeg,2304,1728,cup,695,278,278,1178
1025.jpeg,2000,1500,bag,31,1371,1371,1499
1025.jpeg,2000,1500,cup,301,466,466,1045
1026.jpeg,2000,1500,cup,293,391,391,1257
1029.jpeg,718,960,bag,95,0,0,855
1031.jpeg,1728,2304,key,253,949,949,1375
1038.jpeg,2016,1512,phone,815,279,279,1453
104.jpeg,150,200,wallet,13,51,51,132
1043.jpeg,1500,1500,wallet,76,194,194,1214
1052.jpeg,2896,2172,bag,0,0,0,2171
1053.jpeg,1512,2016,phone,0,544,544,1293
1054.jpeg,1512,2016,phone,58,560,560,1500
106.jpeg,2896,2172,bag,764,574,574,2171
106.jpeg,2896,2172,wallet,554,355,355,795
106.jpeg,2896,2172,cup,1114,17,17,662
106.jpeg,2896,2172,key,1833,198,198,652
106.jpeg,2896,2172,phone,2189,750,750,1233
1061.jpeg,480,360,wallet,256,61,61,187
1066.jpeg,1728,2304,key,922,1581,1581,1912
1066.jpeg,1728,2304,key,155,855,855,1365
1066.jpeg,1728,2304,phone,603,669,669,1608
1066.jpeg,1728,2304,cup,372,1252,1252,1855
1070.jpeg,1488,1984,phone,482,730,730,1323
1070.jpeg,1488,1984,wallet,1311,440,440,778
1074.jpeg,2896,2172,key,531,674,674,1408
1075.jpeg,2000,1500,wallet,257,217,217,1459
1083.jpeg,600,600,cup,158,222,222,523
1085.jpeg,2000,1500,wallet,316,404,404,1191
109.jpeg,1500,2000,phone,234,582,582,1983
1090.jpeg,540,720,key,183,291,291,540
1095.jpeg,1512,2016,wallet,40,366,366,1786
1096.jpeg,480,360,wallet,277,156,156,263
110.jpeg,2896,2172,wallet,851,140,140,1814
1102.jpeg,1512,2016,phone,498,207,207,1215
1103.jpeg,720,540,wallet,136,127,127,409
1103.jpeg,720,540,key,411,231,231,354
1108.jpeg,1368,1824,bag,0,202,202,1812
1110.jpeg,480,360,bag,60,122,122,308
1111.jpeg,76,101,phone,30,23,23,79
1116.jpeg,247,187,phone,19,6,6,182
1117.jpeg,200,168,phone,83,5,5,143
1117.jpeg,200,168,phone,20,14,14,161
1129.jpeg,2304,1728,cup,838,501,501,1224
1131.jpeg,2304,1728,phone,353,51,51,1681
1133.jpeg,2016,1512,key,95,579,579,1105
1142.jpeg,2000,1500,phone,18,183,183,1230
1143.jpeg,1984,1488,key,1530,350,350,497
1143.jpeg,1984,1488,wallet,819,514,514,897
1150.jpeg,2016,1512,key,947,516,516,1490
1157.jpeg,1984,1488,key,907,724,724,1024
1157.jpeg,1984,1488,wallet,0,511,511,871
116.jpeg,480,360,cup,202,192,192,272
1161.jpeg,1824,1368,wallet,571,527,527,1097
1162.jpeg,2304,1728,key,823,376,376,1261
1163.jpeg,480,360,key,164,153,153,226
1169.jpeg,540,720,bag,2,81,81,631
1171.jpeg,960,718,wallet,48,81,81,717
1176.jpeg,480,360,phone,302,48,48,142
1180.jpeg,1500,2000,phone,45,0,0,1602
1186.jpeg,540,720,bag,0,63,63,701
1192.jpeg,2000,1500,key,642,608,608,1386
1195.jpeg,1728,2304,phone,535,660,660,1689
1197.jpeg,2896,2172,wallet,345,424,424,1787
1209.jpeg,1500,1500,wallet,38,211,211,786
1209.jpeg,1500,1500,cup,779,196,196,752
1209.jpeg,1500,1500,key,620,715,715,968
1209.jpeg,1500,1500,phone,235,960,960,1380
121.jpeg,1728,2304,cup,502,459,459,1750
1210.jpeg,2000,1500,wallet,1206,897,897,1400
1210.jpeg,2000,1500,phone,879,921,921,1492
1210.jpeg,2000,1500,cup,1544,261,261,1004
1210.jpeg,2000,1500,key,661,1051,1051,1281
1210.jpeg,2000,1500,bag,57,48,48,980
1217.jpeg,2000,1500,phone,159,354,354,1231
1218.jpeg,1368,1824,key,218,549,549,1479
1224.jpeg,1728,2304,cup,615,626,626,1355
1228.jpeg,2896,2172,wallet,629,252,252,2025
1234.jpeg,2304,1728,cup,506,262,262,1029
1234.jpeg,2304,1728,key,680,914,914,1355
124.jpeg,2880,1620,key,1098,44,44,950
1240.jpeg,76,101,cup,5,56,56,93
1240.jpeg,76,101,key,32,11,11,46
1248.jpeg,1824,1368,bag,466,62,62,1367
1258.jpeg,2304,1728,wallet,180,86,86,1416
1262.jpeg,1500,2000,key,767,1053,1053,1232
1262.jpeg,1500,2000,bag,137,376,376,1205
1262.jpeg,1500,2000,cup,856,1428,1428,1667
1262.jpeg,1500,2000,wallet,439,1299,1299,1636
1262.jpeg,1500,2000,phone,985,750,750,966
1263.jpeg,360,480,cup,51,121,121,382
1270.jpeg,2016,1512,bag,0,92,92,1393
1275.jpeg,2000,1496,key,649,377,377,642
1275.jpeg,2000,1496,wallet,364,712,712,1227
1275.jpeg,2000,1496,cup,957,14,14,1263
1276.jpeg,2016,1512,wallet,482,142,142,1370
128.jpeg,1736,2312,phone,189,633,633,1980
1283.jpeg,2000,1496,bag,53,239,239,1284
1289.jpeg,1824,1368,cup,656,64,64,550
1289.jpeg,1824,1368,bag,700,466,466,1068
1289.jpeg,1824,1368,wallet,718,524,524,1074
1295.jpeg,2304,1728,wallet,1185,248,248,843
1295.jpeg,2304,1728,cup,612,217,217,1155
1295.jpeg,2304,1728,phone,1068,968,968,1305
1295.jpeg,2304,1728,key,1829,678,678,975
1300.jpeg,1368,1824,phone,351,275,275,1658
1305.jpeg,2172,2896,phone,203,919,919,1743
1306.jpeg,2016,1512,key,508,597,597,905
1306.jpeg,2016,1512,cup,1122,52,52,818
1311.jpeg,1512,2016,phone,290,195,195,1981
1316.jpeg,802,540,bag,25,5,5,536
133.jpeg,720,540,wallet,241,149,149,388
133.jpeg,720,540,phone,233,149,149,389
1334.jpeg,3648,2736,phone,258,682,682,2301
1336.jpeg,1920,2560,cup,912,1519,1519,2469
1336.jpeg,1920,2560,wallet,703,389,389,1199
1336.jpeg,1920,2560,cup,932,359,359,1472
1336.jpeg,1920,2560,bag,54,364,364,2073
1336.jpeg,1920,2560,key,325,859,859,1242
1339.jpeg,2172,2896,bag,64,452,452,2276
1348.jpeg,250,316,bag,54,18,18,298
1350.jpeg,1368,1824,phone,427,430,430,1276
1352.jpeg,1512,2016,cup,162,581,581,1597
1355.jpeg,960,718,phone,118,76,76,677
1358.jpeg,540,937,phone,28,527,527,824
1358.jpeg,540,937,wallet,29,64,64,509
1362.jpeg,1500,2000,key,890,922,922,1313
1362.jpeg,1500,2000,cup,16,439,439,1075
137.jpeg,2000,1125,bag,47,82,82,1093
1370.jpeg,2000,1500,cup,551,25,25,1219
1373.jpeg,1512,2016,bag,112,36,36,986
1373.jpeg,1512,2016,wallet,974,980,980,1351
1373.jpeg,1512,2016,cup,424,912,912,1204
1373.jpeg,1512,2016,key,728,1139,1139,1450
1374.jpeg,1512,2016,phone,216,223,223,2015
1380.jpeg,718,960,cup,120,163,163,559
1380.jpeg,718,960,key,458,547,547,704
1383.jpeg,540,720,wallet,11,317,317,649
1384.jpeg,367,218,key,39,36,36,175
1386.jpeg,2016,1512,cup,288,54,54,1028
1386.jpeg,2016,1512,key,1331,886,886,1053
1386.jpeg,2016,1512,cup,1244,231,231,862
1393.jpeg,1500,1500,cup,144,718,718,1263
1394.jpeg,1512,2016,cup,197,41,41,2000
1395.jpeg,794,437,wallet,90,54,54,418
140.jpeg,1512,2016,cup,677,571,571,1141
140.jpeg,1512,2016,key,572,1281,1281,1817
1401.jpeg,1500,1500,key,421,436,436,1185
1408.jpeg,1620,2880,phone,552,888,888,1918
1411.jpeg,1512,2016,phone,376,583,583,1561
1417.jpeg,1728,2304,phone,511,1046,1046,1533
1419.jpeg,1728,1728,bag,0,311,311,1471
1422.jpeg,1500,1500,phone,679,622,622,1316
1422.jpeg,1500,1500,cup,46,385,385,960
1422.jpeg,1500,1500,key,755,461,461,628
1422.jpeg,1500,1500,wallet,200,933,933,1323
143.jpeg,360,480,key,123,267,267,342
1430.jpeg,2000,1125,key,523,219,219,628
1435.jpeg,1368,1824,cup,348,1060,1060,1327
1435.jpeg,1368,1824,phone,223,576,576,1047
1435.jpeg,1368,1824,key,710,515,515,699
1435.jpeg,1368,1824,bag,566,416,416,1080
1435.jpeg,1368,1824,wallet,620,662,662,964
1437.jpeg,1728,2304,wallet,62,225,225,1829
1442.jpeg,360,480,key,130,245,245,316
1447.jpeg,2304,1728,phone,284,447,447,1309
145.jpeg,720,540,cup,195,24,24,433
1451.jpeg,2312,1736,wallet,403,559,559,1336
1455.jpeg,1500,1500,phone,48,513,513,870
1458.jpeg,1728,1728,wallet,198,528,528,999
1466.jpeg,1984,1488,key,590,614,614,1061
1466.jpeg,1984,1488,phone,959,482,482,1150
1467.jpeg,2016,1512,cup,1011,129,129,818
1467.jpeg,2016,1512,wallet,638,936,936,1321
1473.jpeg,2304,1728,cup,376,392,392,1416
1478.jpeg,300,300,wallet,98,127,127,247
1479.jpeg,2304,1728,phone,376,377,377,1353
1481.jpeg,1728,2304,phone,453,379,379,1318
1487.jpeg,550,695,bag,58,83,83,594
1492.jpeg,480,360,key,420,166,166,230
1492.jpeg,480,360,phone,0,112,112,307
1492.jpeg,480,360,bag,119,35,35,359
1492.jpeg,480,360,wallet,308,146,146,262
1498.jpeg,1728,2304,key,949,529,529,1121
1498.jpeg,1728,2304,wallet,288,943,943,1977
150.jpeg,2000,1500,cup,170,143,143,1412
1503.jpeg,1500,2000,wallet,125,402,402,1773
1504.jpeg,1500,2000,bag,0,24,24,1877
1516.jpeg,2896,2172,wallet,175,754,754,1611
1516.jpeg,2896,2172,phone,1898,423,423,1722
152.jpeg,1920,2560,wallet,214,452,452,1897
1522.jpeg,1728,2304,key,374,953,953,1601
1525.jpeg,2000,1500,cup,322,1095,1095,1499
1525.jpeg,2000,1500,cup,0,567,567,1054
1525.jpeg,2000,1500,wallet,392,451,451,760
1525.jpeg,2000,1500,key,410,768,768,1081
1525.jpeg,2000,1500,phone,807,525,525,1109
1525.jpeg,2000,1500,bag,254,0,0,428
1529.jpeg,1728,2304,phone,413,981,981,2087
1532.jpeg,2016,1512,cup,613,71,71,1509
1532.jpeg,2016,1512,key,993,970,970,1150
1541.jpeg,1824,1368,phone,269,124,124,1358
1542.jpeg,1736,2312,bag,412,272,272,1878
1550.jpeg,718,960,cup,31,204,204,896
1553.jpeg,2304,1728,phone,377,447,447,1186
1557.jpeg,1728,1728,cup,194,347,347,1119
1557.jpeg,1728,1728,wallet,552,873,873,1226
1563.jpeg,1824,1368,wallet,468,328,328,1182
1567.jpeg,2000,1500,wallet,121,21,21,1433
1570.jpeg,1728,1728,bag,0,295,295,1110
1570.jpeg,1728,1728,phone,39,1187,1187,1457
1575.jpeg,720,540,wallet,145,100,100,507
1576.jpeg,2560,1920,cup,566,482,482,1443
158.jpeg,1129,540,bag,45,11,11,482
1582.jpeg,2016,1512,bag,3,33,33,1511
1585.jpeg,507,759,bag,12,30,30,737
1593.jpeg,720,540,bag,23,121,121,476
1596.jpeg,1500,2000,phone,123,181,181,1917
16.jpeg,2304,1728,key,1320,339,339,918
1602.jpeg,2016,1512,wallet,579,312,312,1252
1606.jpeg,3648,2736,phone,354,696,696,2072
1608.jpeg,718,960,cup,86,372,372,626
1608.jpeg,718,960,bag,298,103,103,720
1614.jpeg,101,76,key,37,53,53,75
1614.jpeg,101,76,cup,13,3,3,38
1620.jpeg,2000,1500,bag,176,228,228,1403
1622.jpeg,2016,1512,wallet,313,45,45,952
1625.jpeg,76,101,key,12,39,39,82
1626.jpeg,101,76,key,32,36,36,75
1632.jpeg,1824,1368,cup,444,78,78,1366
1637.jpeg,2000,1496,wallet,819,334,334,973
1642.jpeg,1728,1728,cup,433,912,912,1287
1646.jpeg,1824,1368,cup,97,461,461,1052
165.jpeg,2000,1500,cup,487,630,630,993
1651.jpeg,2016,1512,key,671,291,291,921
1652.jpeg,1824,1368,cup,150,238,238,1367
1663.jpeg,1728,2304,phone,413,373,373,1784
1665.jpeg,1920,2560,cup,742,622,622,1745
1665.jpeg,1920,2560,key,830,1798,1798,2026
1665.jpeg,1920,2560,wallet,107,950,950,2007
1667.jpeg,1620,2880,key,629,1606,1606,1873
1677.jpeg,1496,2000,key,440,424,424,874
1677.jpeg,1496,2000,cup,14,1221,1221,1898
1684.jpeg,1368,1824,bag,28,43,43,1772
169.jpeg,1488,1984,bag,342,307,307,1523
1694.jpeg,2000,1500,bag,92,49,49,1265
1697.jpeg,1728,2304,wallet,218,592,592,1788
17.jpeg,1512,2016,cup,589,549,549,1612
1704.jpeg,1500,1500,wallet,99,78,78,1215
1709.jpeg,2016,1512,wallet,309,64,64,1272
1710.jpeg,2000,1500,key,440,286,286,1144
1719.jpeg,2896,2172,wallet,736,456,456,1780
172.jpeg,2560,1920,cup,715,64,64,1290
1721.jpeg,1500,2000,bag,15,31,31,1038
1721.jpeg,1500,2000,cup,659,1125,1125,1675
1721.jpeg,1500,2000,phone,244,1447,1447,1654
1721.jpeg,1500,2000,wallet,285,1058,1058,1328
1721.jpeg,1500,2000,key,201,1091,1091,1405
1724.jpeg,2000,1500,cup,288,376,376,1244
1729.jpeg,250,250,wallet,8,8,8,248
1731.jpeg,1512,2016,phone,757,420,420,2015
1735.jpeg,1728,2304,key,573,1333,1333,1567
1736.jpeg,97,79,wallet,16,20,20,65
1738.jpeg,360,480,cup,125,249,249,403
1745.jpeg,480,360,cup,164,59,59,205
1748.jpeg,540,720,wallet,1,304,304,533
1748.jpeg,540,720,phone,320,246,246,520
1748.jpeg,540,720,key,225,139,139,319
1750.jpeg,1728,1728,cup,752,1162,1162,1707
1750.jpeg,1728,1728,wallet,427,308,308,629
1758.jpeg,1824,1368,cup,760,431,431,924
1758.jpeg,1824,1368,bag,1139,105,105,732
1758.jpeg,1824,1368,key,692,376,376,468
1761.jpeg,2000,1500,cup,787,0,0,1417
1765.jpeg,540,720,cup,91,45,45,482
1765.jpeg,540,720,key,14,492,492,645
1765.jpeg,540,720,bag,285,275,275,602
1765.jpeg,540,720,wallet,294,281,281,599
1769.jpeg,1984,1488,phone,469,128,128,1071
1772.jpeg,1620,2880,phone,686,1330,1330,2133
1772.jpeg,1620,2880,key,592,1222,1222,1508
1773.jpeg,540,720,phone,22,74,74,640
178.jpeg,720,540,wallet,494,190,190,310
178.jpeg,720,540,cup,395,114,114,243
178.jpeg,720,540,bag,109,113,113,438
1783.jpeg,1728,2304,key,606,681,681,1652
1785.jpeg,2000,1496,cup,397,99,99,1393
1786.jpeg,2896,2172,cup,153,689,689,1547
1786.jpeg,2896,2172,phone,149,666,666,1553
1789.jpeg,720,960,wallet,44,311,311,653
179.jpeg,1728,2304,phone,604,923,923,1619
1795.jpeg,720,540,bag,0,45,45,503
1795.jpeg,720,540,wallet,566,326,326,428
1797.jpeg,1984,1488,cup,683,412,412,937
1797.jpeg,1984,1488,wallet,1381,204,204,382
1797.jpeg,1984,1488,cup,1021,541,541,783
1797.jpeg,1984,1488,key,1155,150,150,375
1807.jpeg,1736,2312,key,805,1016,1016,1488
181.jpeg,1620,2880,phone,401,1160,1160,1755
181.jpeg,1620,2880,wallet,384,1150,1150,1739
1810.jpeg,2000,1125,key,710,303,303,1014
1810.jpeg,2000,1125,key,494,324,324,625
1812.jpeg,718,960,bag,4,43,43,461
1820.jpeg,2016,1512,key,293,610,610,1065
1827.jpeg,1500,2000,bag,19,49,49,1902
1830.jpeg,1728,1728,wallet,245,599,599,1285
1830.jpeg,1728,1728,cup,525,251,251,574
1835.jpeg,1500,2000,wallet,849,610,610,1203
1835.jpeg,1500,2000,cup,206,312,312,969
1835.jpeg,1500,2000,cup,669,1311,1311,1999
1835.jpeg,1500,2000,key,21,927,927,1168
1846.jpeg,1368,1824,wallet,139,721,721,1352
1848.jpeg,2000,1125,bag,347,12,12,1119
1855.jpeg,2000,1500,bag,266,25,25,1417
1856.jpeg,1488,1984,key,445,1149,1149,1503
1863.jpeg,1620,2880,phone,506,1538,1538,2218
1863.jpeg,1620,2880,key,645,1214,1214,1665
1870.jpeg,2000,1496,wallet,620,450,450,1186
1875.jpeg,1620,2880,wallet,557,884,884,1868
1880.jpeg,750,500,cup,178,123,123,447
1881.jpeg,1512,2016,phone,303,336,336,1754
1893.jpeg,1920,2560,phone,526,1576,1576,2311
1893.jpeg,1920,2560,wallet,40,771,771,1575
1893.jpeg,1920,2560,cup,713,480,480,1503
1893.jpeg,1920,2560,key,208,1663,1663,2192
1895.jpeg,1728,2304,wallet,58,436,436,1589
1897.jpeg,1512,2016,wallet,333,145,145,1128
1897.jpeg,1512,2016,phone,201,1108,1108,1751
1898.jpeg,360,480,cup,97,164,164,300
1899.jpeg,352,352,wallet,45,102,102,324
1908.jpeg,1984,1488,cup,763,381,381,990
1908.jpeg,1984,1488,key,1203,246,246,500
1908.jpeg,1984,1488,wallet,1457,361,361,543
1912.jpeg,2016,1512,key,639,1144,1144,1412
1912.jpeg,2016,1512,bag,897,260,260,1103
1912.jpeg,2016,1512,cup,264,747,747,1023
1912.jpeg,2016,1512,wallet,972,1111,1111,1439
1914.jpeg,1500,1500,key,292,676,676,814
1914.jpeg,1500,1500,wallet,881,792,792,1188
1914.jpeg,1500,1500,phone,610,225,225,888
1914.jpeg,1500,1500,cup,142,884,884,1244
1923.jpeg,1496,2000,wallet,222,355,355,1391
1924.jpeg,1500,2000,cup,861,777,777,1163
1924.jpeg,1500,2000,wallet,506,348,348,795
1924.jpeg,1500,2000,cup,238,1270,1270,1787
1924.jpeg,1500,2000,phone,241,788,788,1138
1924.jpeg,1500,2000,key,234,345,345,730
1926.jpeg,1496,2000,wallet,91,354,354,1617
193.jpeg,1500,2000,key,649,831,831,1410
1936.jpeg,2000,1500,cup,463,570,570,1329
1937.jpeg,1984,1488,cup,448,604,604,1084
1937.jpeg,1984,1488,key,1551,106,106,431
1937.jpeg,1984,1488,wallet,1695,351,351,714
1937.jpeg,1984,1488,cup,937,674,674,1021
194.jpeg,1512,2016,phone,401,107,107,1966
1940.jpeg,2000,1500,phone,63,375,375,1297
1944.jpeg,540,360,bag,123,17,17,297
1950.jpeg,2000,1496,wallet,264,314,314,898
1953.jpeg,1824,1368,bag,554,176,176,1069
1956.jpeg,718,960,bag,240,94,94,841
196.jpeg,1500,2000,bag,0,3,3,1318
1961.jpeg,360,480,key,148,232,232,304
1962.jpeg,2312,1736,wallet,1246,961,961,1539
1962.jpeg,2312,1736,key,982,1100,1100,1331
1962.jpeg,2312,1736,cup,372,527,527,1303
1971.jpeg,2000,1128,key,447,415,415,705
1973.jpeg,1368,1824,cup,727,666,666,1238
1973.jpeg,1368,1824,bag,92,582,582,1000
1973.jpeg,1368,1824,wallet,374,628,628,962
1973.jpeg,1368,1824,key,226,768,768,872
1975.jpeg,2000,1496,wallet,288,124,124,1342
1979.jpeg,480,360,cup,130,132,132,231
1982.jpeg,1368,1824,phone,80,523,523,1126
1984.jpeg,2000,1496,cup,488,137,137,1414
1985.jpeg,360,480,bag,29,51,51,272
1985.jpeg,360,480,cup,123,332,332,475
1985.jpeg,360,480,phone,143,232,232,332
1996.jpeg,1368,1824,cup,354,409,409,1007
1998.jpeg,2000,1496,phone,312,168,168,1119
2005.jpeg,2000,1500,phone,619,187,187,1475
2008.jpeg,2000,1500,wallet,1102,673,673,1465
2008.jpeg,2000,1500,key,558,986,986,1483
2008.jpeg,2000,1500,phone,734,25,25,847
2015.jpeg,2000,1496,phone,280,312,312,1197
2018.jpeg,1984,1488,key,951,926,926,1294
2018.jpeg,1984,1488,phone,871,476,476,923
2027.jpeg,1920,2560,wallet,791,877,877,2462
2027.jpeg,1920,2560,key,1460,579,579,1078
2027.jpeg,1920,2560,cup,58,280,280,1423
203.jpeg,2000,1125,bag,257,490,490,1096
203.jpeg,2000,1125,phone,694,93,93,459
203.jpeg,2000,1125,key,1030,120,120,428
203.jpeg,2000,1125,wallet,430,108,108,335
2032.jpeg,1728,1728,cup,1333,754,754,1356
2032.jpeg,1728,1728,bag,0,308,308,1180
2032.jpeg,1728,1728,phone,117,1255,1255,1520
2036.jpeg,2000,1500,cup,865,181,181,1426
2037.jpeg,2016,1512,wallet,537,377,377,798
2037.jpeg,2016,1512,cup,1149,125,125,871
2042.jpeg,2000,1500,phone,559,267,267,1380
2043.jpeg,2016,1512,wallet,0,103,103,1007
2047.jpeg,400,300,cup,129,10,10,299
2054.jpeg,2000,1500,cup,714,728,728,1325
2058.jpeg,2016,1512,bag,215,17,17,1467
2061.jpeg,1224,1632,phone,238,1020,1020,1547
2061.jpeg,1224,1632,bag,180,2,2,702
2061.jpeg,1224,1632,cup,343,666,666,1193
2061.jpeg,1224,1632,phone,520,1078,1078,1631
2061.jpeg,1224,1632,key,844,1165,1165,1323
2069.jpeg,1984,1488,key,925,689,689,981
2069.jpeg,1984,1488,key,923,685,685,862
2070.jpeg,2000,1500,phone,401,0,0,1499
2077.jpeg,250,166,phone,45,58,58,150
2079.jpeg,1496,2000,key,55,489,489,1739
208.jpeg,1368,1824,phone,24,250,250,1447
2083.jpeg,101,76,phone,31,18,18,72
2086.jpeg,101,76,key,6,21,21,42
2086.jpeg,101,76,cup,25,0,0,72
209.jpeg,1736,2312,phone,559,496,496,1784
2091.jpeg,1920,2560,phone,90,764,764,1682
2094.jpeg,2304,1728,cup,1012,361,361,1234
2095.jpeg,2000,1500,key,855,144,144,1499
2102.jpeg,2000,1496,key,500,54,54,1202
211.jpeg,1368,1824,key,275,857,857,1344
2111.jpeg,1512,2016,wallet,50,800,800,1403
2111.jpeg,1512,2016,bag,260,0,0,980
2111.jpeg,1512,2016,cup,195,1372,1372,1976
2115.jpeg,2896,2172,wallet,60,318,318,1788
2122.jpeg,1736,2312,bag,231,419,419,1952
2124.jpeg,2000,1500,bag,469,190,190,1136
2125.jpeg,540,720,key,236,258,258,549
2129.jpeg,1824,1368,key,672,579,579,907
2135.jpeg,2304,1728,key,384,567,567,1103
2139.jpeg,2304,1728,bag,419,261,261,1187
2143.jpeg,1620,2880,wallet,507,696,696,2060
2144.jpeg,2000,1500,cup,181,317,317,1093
2147.jpeg,1824,1368,phone,269,203,203,1143
2153.jpeg,1500,1500,key,665,421,421,1097
2154.jpeg,1728,1728,cup,534,226,226,1474
2161.jpeg,1512,2016,bag,3,431,431,1581
2162.jpeg,1824,1368,bag,523,299,299,1086
2173.jpeg,2000,1500,cup,315,449,449,829
2174.jpeg,1728,1728,wallet,94,251,251,1499
2175.jpeg,360,480,bag,35,26,26,463
2179.jpeg,537,359,cup,254,50,50,296
2179.jpeg,537,359,cup,164,34,34,322
2180.jpeg,540,720,cup,68,169,169,656
2188.jpeg,1500,1500,phone,243,517,517,1222
2190.jpeg,1824,1368,cup,148,391,391,1303
2195.jpeg,1512,2016,cup,549,540,540,1317
2199.jpeg,2016,1512,wallet,203,231,231,1343
2205.jpeg,720,540,wallet,49,148,148,430
221.jpeg,2000,1496,phone,226,306,306,1116
2210.jpeg,1500,2000,cup,194,513,513,1621
2212.jpeg,1920,2560,key,885,1222,1222,1906
2216.jpeg,1728,2304,phone,22,607,607,1597
2222.jpeg,1920,2560,phone,135,1428,1428,2333
2222.jpeg,1920,2560,cup,159,331,331,1491
2222.jpeg,1920,2560,key,1407,1381,1381,1665
2228.jpeg,1728,2304,wallet,334,795,795,2007
223.jpeg,1368,1824,bag,0,0,0,1823
2232.jpeg,1500,1500,wallet,58,58,58,1409
2243.jpeg,2000,1500,bag,9,292,292,1414
2243.jpeg,2000,1500,wallet,926,542,542,750
2243.jpeg,2000,1500,key,1400,899,899,1118
2243.jpeg,2000,1500,phone,887,908,908,1214
2243.jpeg,2000,1500,wallet,887,911,911,1209
2243.jpeg,2000,1500,cup,1362,417,417,832
2247.jpeg,1620,2880,cup,282,1060,1060,2033
2248.jpeg,2304,1728,wallet,720,374,374,1314
2253.jpeg,360,480,phone,33,134,134,389
2258.jpeg,2312,1736,key,1021,430,430,566
2258.jpeg,2312,1736,wallet,517,372,372,887
2258.jpeg,2312,1736,cup,761,409,409,1332
2258.jpeg,2312,1736,wallet,753,410,410,1307
2259.jpeg,1728,2304,wallet,0,464,464,1508
226.jpeg,2000,1500,cup,582,424,424,1172
2265.jpeg,250,250,bag,22,18,18,238
2269.jpeg,2000,1496,phone,485,238,238,1027
2273.jpeg,2000,1500,phone,533,152,152,1378
2278.jpeg,1824,1368,key,587,249,249,1132
228.jpeg,960,718,key,288,100,100,436
2284.jpeg,2000,1500,key,697,338,338,994
2292.jpeg,1736,2312,bag,195,323,323,1844
2293.jpeg,76,101,key,12,34,34,84
2296.jpeg,2000,1500,key,647,251,251,1009
2297.jpeg,1368,1824,wallet,365,392,392,1196
2303.jpeg,360,480,bag,85,157,157,328
2307.jpeg,2000,1500,bag,394,0,0,1360
2310.jpeg,540,720,key,225,223,223,458
2311.jpeg,2000,1500,phone,377,401,401,1086
2317.jpeg,2016,1512,bag,26,481,481,1472
2321.jpeg,1368,1824,cup,335,271,271,1443
2331.jpeg,1500,2000,key,555,605,605,992
2332.jpeg,2312,1736,wallet,474,197,197,775
2332.jpeg,2312,1736,cup,713,436,436,1348
2332.jpeg,2312,1736,key,1028,398,398,642
2334.jpeg,1500,2000,cup,543,7,7,446
2334.jpeg,1500,2000,cup,26,410,410,892
2334.jpeg,1500,2000,key,442,440,440,792
2334.jpeg,1500,2000,wallet,712,445,445,820
2334.jpeg,1500,2000,phone,1,29,29,454
2334.jpeg,1500,2000,bag,926,383,383,1815
2334.jpeg,1500,2000,bag,110,1087,1087,1894
2335.jpeg,2000,1500,wallet,1193,935,935,1437
2335.jpeg,2000,1500,key,987,1118,1118,1354
2335.jpeg,2000,1500,cup,1443,436,436,842
2335.jpeg,2000,1500,bag,49,25,25,1065
2335.jpeg,2000,1500,phone,600,980,980,1499
2342.jpeg,2016,1512,key,542,688,688,911
2343.jpeg,1368,1824,key,328,428,428,1434
2351.jpeg,1620,2880,cup,225,1284,1284,1746
2353.jpeg,2172,2896,wallet,306,731,731,2162
2355.jpeg,720,540,wallet,240,135,135,422
236.jpeg,1512,2016,phone,325,845,845,1415
2361.jpeg,400,400,phone,87,16,16,374
2362.jpeg,1512,2016,wallet,190,349,349,1203
2362.jpeg,1512,2016,key,134,1073,1073,1672
2363.jpeg,480,360,wallet,230,115,115,217
2364.jpeg,1824,1368,cup,152,649,649,1114
2367.jpeg,540,1129,bag,0,119,119,894
2369.jpeg,540,720,phone,142,132,132,544
2373.jpeg,101,76,key,35,26,26,55
2375.jpeg,2016,1512,key,689,503,503,1467
2379.jpeg,960,718,phone,113,38,38,717
238.jpeg,2016,1512,bag,187,3,3,1511
2380.jpeg,1728,1728,phone,409,430,430,971
2381.jpeg,480,360,cup,58,4,4,118
2381.jpeg,480,360,phone,279,43,43,183
2381.jpeg,480,360,key,371,194,194,252
2381.jpeg,480,360,wallet,274,186,186,277
2381.jpeg,480,360,bag,92,103,103,359
2385.jpeg,1984,1488,cup,867,477,477,961
2385.jpeg,1984,1488,wallet,1623,519,519,702
2385.jpeg,1984,1488,key,1474,424,424,592
2385.jpeg,1984,1488,cup,1132,673,673,904
2386.jpeg,960,718,phone,228,41,41,678
2389.jpeg,720,960,wallet,0,489,489,832
2395.jpeg,1368,1824,cup,343,202,202,1182
2398.jpeg,720,960,wallet,11,155,155,647
2400.jpeg,2000,1125,bag,827,464,464,1073
2400.jpeg,2000,1125,wallet,501,688,688,917
2400.jpeg,2000,1125,phone,527,200,200,374
2400.jpeg,2000,1125,key,1087,321,321,456
2402.jpeg,480,360,phone,141,102,102,258
2405.jpeg,2000,1125,bag,388,514,514,1078
2405.jpeg,2000,1125,wallet,607,204,204,430
2405.jpeg,2000,1125,phone,1150,287,287,548
2405.jpeg,2000,1125,key,1063,814,814,997
2409.jpeg,2000,1125,wallet,1105,657,657,993
2409.jpeg,2000,1125,phone,1080,204,204,555
2409.jpeg,2000,1125,bag,148,348,348,1089
2409.jpeg,2000,1125,key,329,34,34,286
2414.jpeg,2016,1512,key,329,354,354,876
2415.jpeg,1488,1984,key,581,1212,1212,1636
2417.jpeg,480,360,bag,135,9,9,323
2418.jpeg,2000,1500,cup,575,150,150,877
2424.jpeg,720,960,cup,3,257,257,746
2424.jpeg,720,960,wallet,381,455,455,643
2424.jpeg,720,960,bag,0,15,15,646
2424.jpeg,720,960,key,347,635,635,693
2424.jpeg,720,960,phone,176,635,635,895
2427.jpeg,1496,2000,key,438,898,898,1202
2428.jpeg,1728,2304,key,385,977,977,1623
2433.jpeg,250,250,bag,49,18,18,238
2434.jpeg,1512,2016,wallet,99,819,819,1224
2439.jpeg,1728,1728,bag,149,89,89,1702
2440.jpeg,1824,1368,key,890,415,415,970
2444.jpeg,1984,1488,key,843,463,463,894
2444.jpeg,1984,1488,wallet,117,1174,1174,1478
245.jpeg,1512,2016,cup,190,597,597,1490
245.jpeg,1512,2016,wallet,531,503,503,1055
245.jpeg,1512,2016,key,802,372,372,500
2451.jpeg,1728,2304,key,46,1024,1024,1248
2451.jpeg,1728,2304,cup,1114,647,647,1255
2451.jpeg,1728,2304,wallet,321,1072,1072,1958
2452.jpeg,2000,1500,cup,115,946,946,1319
2452.jpeg,2000,1500,key,1617,951,951,1174
2452.jpeg,2000,1500,bag,179,25,25,1041
2452.jpeg,2000,1500,wallet,1072,1005,1005,1367
2452.jpeg,2000,1500,phone,831,930,930,1452
246.jpeg,360,480,cup,119,212,212,346
2460.jpeg,1368,1824,cup,336,421,421,1039
2461.jpeg,2016,1512,key,1026,757,757,1435
2461.jpeg,2016,1512,key,461,537,537,1454
2461.jpeg,2016,1512,key,1129,411,411,623
2462.jpeg,1728,2304,bag,323,521,521,1673
2462.jpeg,1728,2304,wallet,353,543,543,1641
2467.jpeg,1500,2000,key,509,891,891,1566
2467.jpeg,1500,2000,wallet,34,72,72,1956
2472.jpeg,1500,1500,key,517,520,520,1264
2476.jpeg,2000,1500,wallet,662,81,81,1463
2480.jpeg,1500,2000,bag,116,397,397,1999
2484.jpeg,360,480,cup,83,50,50,318
2487.jpeg,2880,1620,key,1313,355,355,1152
2489.jpeg,1920,2560,cup,539,44,44,2463
2490.jpeg,1736,2312,bag,18,774,774,1506
2495.jpeg,1496,2000,key,508,895,895,1260
2499.jpeg,2016,1512,wallet,601,306,306,1169
2501.jpeg,1984,1488,bag,393,21,21,1224
2505.jpeg,1728,1728,bag,20,283,283,1562
2511.jpeg,2304,1728,phone,336,285,285,1667
2512.jpeg,1512,2016,wallet,613,348,348,942
2520.jpeg,2016,1512,key,738,336,336,1244
2521.jpeg,2016,1512,phone,435,326,326,974
2523.jpeg,2000,1500,phone,274,419,419,1151
2526.jpeg,720,540,bag,100,26,26,471
2527.jpeg,300,300,wallet,7,22,22,285
2529.jpeg,1512,2016,phone,109,830,830,1392
2535.jpeg,480,360,phone,60,33,33,158
2541.jpeg,540,720,phone,35,259,259,568
2542.jpeg,2896,2172,key,1325,165,165,964
2542.jpeg,2896,2172,phone,782,110,110,1132
2542.jpeg,2896,2172,cup,1441,1039,1039,2093
2547.jpeg,2000,1500,cup,108,467,467,1142
2550.jpeg,76,101,cup,3,57,57,93
2550.jpeg,76,101,key,31,12,12,45
2558.jpeg,1920,2560,key,491,275,275,582
2558.jpeg,1920,2560,bag,30,1377,1377,2528
2558.jpeg,1920,2560,cup,955,698,698,1401
2558.jpeg,1920,2560,phone,398,625,625,1493
2558.jpeg,1920,2560,wallet,873,155,155,834
256.jpeg,2000,1500,phone,641,121,121,1499
2560.jpeg,2000,1500,phone,603,485,485,1218
2568.jpeg,1500,1500,wallet,652,742,742,1378
2571.jpeg,1620,2880,key,672,1216,1216,1565
2571.jpeg,1620,2880,phone,214,1354,1354,2319
2571.jpeg,1620,2880,wallet,672,611,611,1909
2577.jpeg,2736,3648,bag,89,0,0,3527
2578.jpeg,718,960,bag,135,10,10,502
2579.jpeg,480,360,cup,129,144,144,238
258.jpeg,1512,2016,cup,397,137,137,1720
2584.jpeg,540,540,bag,69,140,140,466
2585.jpeg,2000,1500,cup,582,105,105,818
2590.jpeg,2000,1125,wallet,460,707,707,963
2590.jpeg,2000,1125,cup,665,391,391,586
2590.jpeg,2000,1125,bag,816,390,390,1062
2590.jpeg,2000,1125,key,1019,264,264,552
2590.jpeg,2000,1125,phone,560,340,340,442
2591.jpeg,1129,540,key,485,40,40,515
2592.jpeg,150,200,bag,5,63,63,175
2598.jpeg,1824,1368,bag,338,28,28,664
2598.jpeg,1824,1368,cup,1144,224,224,833
2598.jpeg,1824,1368,wallet,691,598,598,945
2598.jpeg,1824,1368,key,731,969,969,1181
2599.jpeg,720,540,cup,395,13,13,499
2599.jpeg,720,540,bag,4,63,63,457
2599.jpeg,720,540,key,271,352,352,496
2603.jpeg,1500,1500,key,450,455,455,941
2607.jpeg,101,76,cup,5,3,3,41
2609.jpeg,1368,1824,phone,311,441,441,1017
2609.jpeg,1368,1824,key,673,1351,1351,1539
2609.jpeg,1368,1824,key,292,995,995,1326
2609.jpeg,1368,1824,cup,538,44,44,743
2611.jpeg,1496,2000,wallet,837,1123,1123,1758
2611.jpeg,1496,2000,key,422,1178,1178,1510
2611.jpeg,1496,2000,cup,72,218,218,788
2612.jpeg,2000,1500,bag,485,449,449,1457
2612.jpeg,2000,1500,phone,477,291,291,533
2612.jpeg,2000,1500,key,192,777,777,908
2612.jpeg,2000,1500,wallet,1121,600,600,760
2615.jpeg,480,360,wallet,250,154,154,239
262.jpeg,720,960,bag,22,11,11,842
2622.jpeg,1512,2016,cup,63,372,372,1868
2624.jpeg,2016,1512,wallet,332,119,119,1144
2625.jpeg,1920,2560,bag,432,241,241,2262
2626.jpeg,1500,2000,bag,319,431,431,1026
2626.jpeg,1500,2000,wallet,975,1031,1031,1275
2626.jpeg,1500,2000,cup,500,1095,1095,1280
2626.jpeg,1500,2000,phone,250,1167,1167,1379
2626.jpeg,1500,2000,key,500,1500,1500,1648
2630.jpeg,250,250,bag,18,31,31,227
2632.jpeg,718,960,key,180,158,158,590
2633.jpeg,480,360,cup,179,147,147,271
2639.jpeg,480,360,wallet,89,40,40,170
2639.jpeg,480,360,cup,39,155,155,262
2639.jpeg,480,360,phone,219,47,47,141
2639.jpeg,480,360,key,243,137,137,183
2639.jpeg,480,360,bag,306,116,116,292
2640.jpeg,540,720,phone,136,213,213,622
2644.jpeg,1368,1824,wallet,395,503,503,1208
2645.jpeg,1129,540,key,366,127,127,331
2647.jpeg,250,187,phone,29,10,10,186
2656.jpeg,225,225,phone,28,2,2,224
2659.jpeg,2000,1500,key,527,582,582,1201
266.jpeg,1512,2016,key,589,619,619,1105
2660.jpeg,1728,2304,wallet,99,306,306,1813
2661.jpeg,1728,2304,cup,417,458,458,1606
2661.jpeg,1728,2304,phone,951,811,811,1773
2661.jpeg,1728,2304,key,592,1609,1609,1917
2661.jpeg,1728,2304,key,153,662,662,1189
2663.jpeg,480,360,wallet,215,104,104,216
2672.jpeg,1500,1500,bag,86,133,133,1488
2673.jpeg,1496,2000,bag,162,332,332,1335
2676.jpeg,2000,1500,cup,912,581,581,1407
2678.jpeg,2304,1728,key,364,565,565,984
2684.jpeg,540,720,key,193,139,139,435
2686.jpeg,1488,1984,bag,158,194,194,1435
269.jpeg,720,540,key,419,211,211,341
269.jpeg,720,540,wallet,140,144,144,343
2692.jpeg,2304,1728,wallet,573,588,588,1624
2693.jpeg,2000,1500,bag,237,665,665,1460
2693.jpeg,2000,1500,key,854,568,568,680
2693.jpeg,2000,1500,wallet,893,253,253,439
2693.jpeg,2000,1500,cup,1295,366,366,695
2695.jpeg,2016,1512,phone,839,506,506,1105
2697.jpeg,1500,1500,phone,170,217,217,1170
27.jpeg,2000,1125,cup,777,209,209,612
2703.jpeg,2000,1500,wallet,1027,911,911,1286
2703.jpeg,2000,1500,bag,5,0,0,1493
2703.jpeg,2000,1500,key,1095,433,433,778
2703.jpeg,2000,1500,phone,957,6,6,463
2705.jpeg,1728,1728,bag,0,135,135,1253
2708.jpeg,2172,2896,phone,615,591,591,2282
271.jpeg,2000,1500,bag,0,35,35,1248
2710.jpeg,2304,1728,key,748,688,688,978
2716.jpeg,2016,1512,bag,0,62,62,1511
2716.jpeg,2016,1512,phone,1316,408,408,918
2716.jpeg,2016,1512,key,1261,1,1,376
272.jpeg,480,360,wallet,196,71,71,254
272.jpeg,480,360,key,95,93,93,270
2724.jpeg,1512,2016,phone,244,246,246,815
2724.jpeg,1512,2016,key,354,805,805,1682
2725.jpeg,1512,2016,key,497,926,926,1387
2727.jpeg,2304,1728,phone,479,163,163,1626
2730.jpeg,2172,2896,bag,170,60,60,2731
2734.jpeg,1728,1728,key,179,388,388,1302
2737.jpeg,1368,1824,phone,117,403,403,1290
2738.jpeg,2000,1500,phone,435,26,26,1499
2745.jpeg,2880,1620,key,1210,255,255,831
2748.jpeg,1512,2016,bag,0,134,134,1284
2748.jpeg,1512,2016,wallet,825,1250,1250,1673
2748.jpeg,1512,2016,key,541,1309,1309,1725
2752.jpeg,2016,1512,bag,252,20,20,1391
2754.jpeg,1620,2880,cup,300,1274,1274,1664
2756.jpeg,1496,2000,cup,531,218,218,1790
2758.jpeg,278,237,bag,37,11,11,228
276.jpeg,480,360,phone,145,178,178,266
2765.jpeg,1984,1488,key,1105,657,657,1014
2765.jpeg,1984,1488,wallet,737,298,298,812
2766.jpeg,1496,2000,bag,52,109,109,1881
2768.jpeg,1824,1368,cup,1261,98,98,681
2768.jpeg,1824,1368,wallet,991,655,655,963
2768.jpeg,1824,1368,bag,516,137,137,942
2768.jpeg,1824,1368,key,1171,1014,1014,1182
2770.jpeg,2304,1728,key,1521,296,296,613
2771.jpeg,1824,1368,key,820,499,499,1029
2776.jpeg,1984,1488,phone,943,441,441,1208
2778.jpeg,720,960,cup,173,76,76,933
2787.jpeg,1728,1728,key,163,387,387,643
2787.jpeg,1728,1728,key,1225,494,494,693
2787.jpeg,1728,1728,cup,586,113,113,895
2787.jpeg,1728,1728,wallet,348,870,870,1696
2790.jpeg,2000,1500,cup,635,331,331,1261
2791.jpeg,2000,1496,wallet,732,454,454,1138
2793.jpeg,1736,2312,phone,493,476,476,1906
2795.jpeg,720,960,bag,0,24,24,959
2802.jpeg,1824,1368,wallet,575,569,569,968
2804.jpeg,1728,2304,key,749,366,366,980
2808.jpeg,1500,2000,key,416,1014,1014,1266
2809.jpeg,1824,1368,wallet,630,250,250,1156
2814.jpeg,540,720,wallet,106,432,432,564
2814.jpeg,540,720,bag,277,388,388,695
2814.jpeg,540,720,cup,173,323,323,456
2814.jpeg,540,720,key,8,306,306,349
2814.jpeg,540,720,phone,271,210,210,352
2815.jpeg,1500,2000,key,858,1246,1246,1422
2815.jpeg,1500,2000,bag,0,6,6,871
2815.jpeg,1500,2000,wallet,324,952,952,1232
2815.jpeg,1500,2000,phone,299,1356,1356,1634
2815.jpeg,1500,2000,cup,708,856,856,1072
282.jpeg,2000,1500,wallet,158,12,12,1133
2820.jpeg,2016,1512,bag,0,269,269,1198
2822.jpeg,1368,1824,cup,354,440,440,1034
2824.jpeg,101,76,cup,13,9,9,47
2826.jpeg,1824,1368,wallet,924,718,718,1111
2826.jpeg,1824,1368,cup,1194,73,73,681
2826.jpeg,1824,1368,bag,368,253,253,1175
2826.jpeg,1824,1368,key,1213,1121,1121,1271
2827.jpeg,480,360,phone,151,119,119,241
2828.jpeg,2172,2896,cup,746,505,505,2356
2835.jpeg,360,480,wallet,103,167,167,314
2838.jpeg,1984,1488,wallet,875,619,619,1034
2838.jpeg,1984,1488,key,1399,6,6,179
2842.jpeg,2000,1500,cup,409,253,253,1360
2844.jpeg,1500,1500,phone,185,351,351,1011
2850.jpeg,2000,1500,bag,389,232,232,1373
2852.jpeg,720,540,wallet,120,116,116,334
2852.jpeg,720,540,key,389,253,253,318
2855.jpeg,2000,1500,bag,8,81,81,1469
2860.jpeg,437,777,key,64,426,426,546
2860.jpeg,437,777,cup,0,183,183,383
2860.jpeg,437,777,bag,38,1,1,425
2864.jpeg,2000,1500,cup,65,876,876,1217
2864.jpeg,2000,1500,key,938,173,173,367
2864.jpeg,2000,1500,bag,576,308,308,1423
2864.jpeg,2000,1500,phone,380,166,166,665
2864.jpeg,2000,1500,wallet,1227,104,104,494
2865.jpeg,720,540,cup,152,105,105,457
2868.jpeg,2880,1620,phone,764,556,556,1290
2868.jpeg,2880,1620,cup,1300,380,380,1225
2868.jpeg,2880,1620,key,1204,1305,1305,1452
2869.jpeg,2000,1500,phone,636,89,89,1405
287.jpeg,718,960,cup,138,23,23,782
2876.jpeg,360,480,bag,5,15,15,452
2877.jpeg,155,155,key,56,42,42,146
2878.jpeg,540,720,key,257,115,115,277
2879.jpeg,1512,2016,bag,348,357,357,1362
2887.jpeg,2016,1512,key,1004,591,591,997
2889.jpeg,2016,1512,cup,454,834,834,1322
2889.jpeg,2016,1512,wallet,676,433,433,790
289.jpeg,1824,1368,bag,356,233,233,1133
2891.jpeg,2016,1512,bag,302,13,13,1450
2900.jpeg,2896,2172,wallet,817,252,252,1987
2902.jpeg,2016,1512,bag,216,387,387,1511
2902.jpeg,2016,1512,cup,406,13,13,503
2902.jpeg,2016,1512,wallet,182,304,304,569
2902.jpeg,2016,1512,phone,1302,376,376,885
2902.jpeg,2016,1512,key,974,259,259,678
2910.jpeg,2000,1500,cup,66,25,25,937
2910.jpeg,2000,1500,wallet,918,1055,1055,1499
2910.jpeg,2000,1500,key,762,408,408,613
2910.jpeg,2000,1500,cup,1261,50,50,885
2911.jpeg,2304,1728,cup,614,55,55,1717
2917.jpeg,2000,1500,cup,8,617,617,973
2917.jpeg,2000,1500,wallet,423,369,369,662
2917.jpeg,2000,1500,bag,849,105,105,1487
2917.jpeg,2000,1500,key,461,771,771,1068
2920.jpeg,2104,1560,key,701,531,531,1135
2923.jpeg,2000,1500,cup,827,189,189,1304
2924.jpeg,1728,2304,cup,576,128,128,1495
2928.jpeg,2304,1728,phone,252,208,208,1274
293.jpeg,150,200,phone,13,6,6,190
2931.jpeg,1496,2000,key,156,825,825,1330
2931.jpeg,1496,2000,key,656,385,385,1080
2932.jpeg,300,300,bag,43,12,12,284
2935.jpeg,1728,1728,phone,136,531,531,950
2939.jpeg,2172,2896,phone,669,703,703,2283
2941.jpeg,1496,2000,key,474,155,155,941
2941.jpeg,1496,2000,wallet,210,921,921,1999
2943.jpeg,1496,2000,cup,148,596,596,1545
2951.jpeg,521,926,key,192,564,564,736
2951.jpeg,521,926,cup,3,304,304,603
2951.jpeg,521,926,bag,28,1,1,507
2955.jpeg,2016,1512,phone,409,775,775,1421
2955.jpeg,2016,1512,wallet,694,356,356,1111
2957.jpeg,2000,1500,wallet,584,210,210,1252
2962.jpeg,1728,2304,wallet,561,1116,1116,1694
2965.jpeg,718,960,cup,63,26,26,622
2970.jpeg,2000,1496,cup,1196,65,65,1482
2970.jpeg,2000,1496,wallet,266,584,584,1469
2971.jpeg,2896,2172,bag,147,93,93,2171
2974.jpeg,1368,1824,bag,314,515,515,1444
2975.jpeg,1632,1224,bag,332,369,369,940
2975.jpeg,1632,1224,phone,1019,636,636,788
2975.jpeg,1632,1224,key,859,435,435,565
2975.jpeg,1632,1224,cup,879,608,608,849
2975.jpeg,1632,1224,wallet,1190,679,679,817
2978.jpeg,480,360,phone,157,126,126,270
298.jpeg,540,720,wallet,20,202,202,462
2980.jpeg,250,187,phone,71,5,5,183
2982.jpeg,2000,1500,wallet,684,403,403,993
2984.jpeg,2016,1512,wallet,613,256,256,881
2988.jpeg,360,480,key,124,245,245,377
2990.jpeg,2304,1728,wallet,1058,243,243,796
2990.jpeg,2304,1728,cup,617,296,296,1175
2990.jpeg,2304,1728,phone,977,948,948,1523
2990.jpeg,2304,1728,key,1640,735,735,864
2993.jpeg,960,718,wallet,0,60,60,665
2994.jpeg,1129,540,cup,264,99,99,501
30.jpeg,1500,2000,key,448,878,878,1297
300.jpeg,1500,1500,wallet,109,69,69,1152
3000.jpeg,1368,1824,phone,285,250,250,1572
3001.jpeg,2000,1496,bag,296,8,8,1495
3005.jpeg,720,540,phone,227,45,45,462
3007.jpeg,540,720,phone,56,101,101,718
3014.jpeg,101,76,phone,24,18,18,64
3016.jpeg,2000,1125,cup,603,241,241,752
3019.jpeg,2000,1496,cup,965,24,24,1161
3019.jpeg,2000,1496,wallet,261,990,990,1426
3019.jpeg,2000,1496,key,514,549,549,740
3020.jpeg,2016,1512,cup,998,86,86,1023
3020.jpeg,2016,1512,key,255,573,573,1152
3024.jpeg,250,174,wallet,77,7,7,166
3027.jpeg,2000,1496,bag,208,154,154,1323
3029.jpeg,1512,2016,cup,448,58,58,1480
3037.jpeg,1824,1368,bag,489,123,123,824
3037.jpeg,1824,1368,cup,1273,169,169,815
3037.jpeg,1824,1368,wallet,910,674,674,941
3037.jpeg,1824,1368,key,980,975,975,1168
3041.jpeg,2000,1500,cup,687,376,376,960
3047.jpeg,2000,1500,bag,163,8,8,1429
3048.jpeg,2000,1500,bag,15,12,12,1389
3050.jpeg,1500,2000,wallet,286,20,20,1793
3053.jpeg,2000,1500,cup,131,586,586,1346
3059.jpeg,1736,2312,wallet,707,1035,1035,1743
306.jpeg,1824,1368,wallet,782,481,481,822
3063.jpeg,1512,2016,wallet,449,737,737,1277
3067.jpeg,1496,2000,key,191,472,472,1505
3069.jpeg,1728,2304,key,406,423,423,1669
3073.jpeg,1512,2016,key,492,927,927,1267
3077.jpeg,400,400,wallet,37,19,19,371
308.jpeg,101,76,cup,10,5,5,44
3082.jpeg,1500,2000,key,579,780,780,972
3082.jpeg,1500,2000,bag,340,990,990,1871
3082.jpeg,1500,2000,phone,94,918,918,1170
3082.jpeg,1500,2000,cup,405,193,193,545
3082.jpeg,1500,2000,wallet,1004,545,545,818
3084.jpeg,2172,2896,phone,610,832,832,2645
3085.jpeg,1512,2016,bag,57,720,720,1345
3086.jpeg,1488,1984,phone,464,643,643,1618
3098.jpeg,1728,1728,cup,552,85,85,1453
3099.jpeg,2000,1500,phone,305,448,448,1151
3100.jpeg,1736,2312,phone,336,740,740,1462
3106.jpeg,2000,1500,phone,82,520,520,1292
3108.jpeg,1512,2016,key,499,900,900,1384
3110.jpeg,1512,2016,cup,169,269,269,1828
3113.jpeg,250,250,bag,13,54,54,231
3118.jpeg,540,720,phone,115,221,221,539
312.jpeg,2000,1500,key,513,183,183,1164
3121.jpeg,1736,2312,phone,343,582,582,1788
3124.jpeg,1512,2016,key,439,626,626,1109
3130.jpeg,2000,1496,cup,561,68,68,1212
3130.jpeg,2000,1496,wallet,1272,415,415,1047
3131.jpeg,2000,1500,key,198,321,321,916
3131.jpeg,2000,1500,key,886,344,344,873
3131.jpeg,2000,1500,key,665,508,508,1269
3138.jpeg,1488,1984,key,414,902,902,1222
3144.jpeg,1512,2016,wallet,27,262,262,1703
3147.jpeg,2000,1496,bag,589,260,260,1417
3149.jpeg,1824,1368,bag,2,35,35,1002
3149.jpeg,1824,1368,phone,492,989,989,1348
3149.jpeg,1824,1368,key,1295,827,827,1215
3149.jpeg,1824,1368,cup,1372,137,137,792
3149.jpeg,1824,1368,key,0,809,809,917
3154.jpeg,2172,2896,phone,732,584,584,1316
3154.jpeg,2172,2896,bag,22,35,35,2079
3156.jpeg,1512,2016,wallet,26,360,360,1631
3157.jpeg,1512,2016,phone,815,1427,1427,1808
3157.jpeg,1512,2016,wallet,330,1534,1534,1886
3157.jpeg,1512,2016,bag,426,316,316,1361
3160.jpeg,1728,2304,cup,42,287,287,1128
3160.jpeg,1728,2304,key,711,1006,1006,1286
3160.jpeg,1728,2304,wallet,519,1252,1252,2090
3172.jpeg,1368,1824,bag,0,200,200,1723
3173.jpeg,2304,1728,bag,473,168,168,1632
3179.jpeg,2896,2172,bag,130,11,11,2171
3180.jpeg,2016,1512,bag,311,66,66,1241
3190.jpeg,1728,2304,wallet,93,537,537,2069
3193.jpeg,1824,1368,key,619,233,233,1167
3194.jpeg,2880,1620,bag,783,38,38,1471
3194.jpeg,2880,1620,bag,1011,740,740,1540
3194.jpeg,2880,1620,cup,1258,80,80,870
3197.jpeg,2896,2172,wallet,576,447,447,1768
3203.jpeg,1824,1368,key,641,169,169,862
3205.jpeg,1368,1824,wallet,283,504,504,1295
3208.jpeg,2000,1500,cup,1496,690,690,1099
3208.jpeg,2000,1500,wallet,1130,887,887,1193
3208.jpeg,2000,1500,phone,1053,231,231,539
3208.jpeg,2000,1500,key,1143,518,518,806
3208.jpeg,2000,1500,bag,8,35,35,1372
3212.jpeg,2000,1500,key,941,1188,1188,1354
3212.jpeg,2000,1500,phone,1384,921,921,1266
3212.jpeg,2000,1500,bag,16,270,270,1450
3212.jpeg,2000,1500,wallet,914,808,808,1076
3212.jpeg,2000,1500,cup,929,491,491,754
3220.jpeg,2304,1728,key,1542,837,837,1110
3220.jpeg,2304,1728,key,510,1291,1291,1511
3220.jpeg,2304,1728,phone,748,264,264,714
3220.jpeg,2304,1728,cup,979,678,678,1287
3221.jpeg,2000,1500,phone,31,317,317,1302
3227.jpeg,1728,2304,key,1320,1463,1463,1826
3227.jpeg,1728,2304,cup,1025,130,130,947
3227.jpeg,1728,2304,wallet,18,966,966,2026
3228.jpeg,1512,2016,cup,475,353,353,1655
323.jpeg,1512,2016,phone,767,300,300,1585
323.jpeg,1512,2016,key,430,648,648,1170
3231.jpeg,2304,1728,phone,178,358,358,1287
3232.jpeg,1496,2000,phone,379,373,373,1808
3235.jpeg,1129,540,wallet,227,160,160,507
3235.jpeg,1129,540,phone,536,78,78,485
3235.jpeg,1129,540,key,534,177,177,330
324.jpeg,2000,1500,key,164,306,306,1378
3240.jpeg,150,200,bag,2,3,3,178
3243.jpeg,2896,2172,cup,1315,174,174,1634
3243.jpeg,2896,2172,phone,277,923,923,1900
3243.jpeg,2896,2172,wallet,263,909,909,1848
3248.jpeg,1512,2016,cup,432,371,371,1454
3249.jpeg,718,960,bag,0,0,0,606
3249.jpeg,718,960,phone,487,481,481,716
3252.jpeg,2016,1512,cup,1185,105,105,1439
3252.jpeg,2016,1512,key,509,367,367,987
3256.jpeg,2000,1500,key,441,411,411,1261
3260.jpeg,1368,1824,key,371,601,601,1053
3261.jpeg,1500,1500,key,655,467,467,1169
3265.jpeg,540,720,key,267,235,235,331
3265.jpeg,540,720,cup,221,412,412,562
3269.jpeg,2016,1512,cup,576,226,226,1297
3269.jpeg,2016,1512,cup,10,298,298,939
3271.jpeg,480,360,bag,143,55,55,228
3271.jpeg,480,360,wallet,28,191,191,327
3271.jpeg,480,360,key,123,179,179,225
3271.jpeg,480,360,cup,70,250,250,349
3271.jpeg,480,360,phone,173,238,238,292
3276.jpeg,480,360,bag,176,0,0,248
3277.jpeg,1620,2880,cup,782,973,973,1511
3277.jpeg,1620,2880,key,215,973,973,1404
3277.jpeg,1620,2880,phone,88,1209,1209,1857
3282.jpeg,1500,1500,cup,67,399,399,970
3282.jpeg,1500,1500,key,1109,902,902,1051
3284.jpeg,76,101,key,10,36,36,79
3287.jpeg,429,369,bag,99,13,13,346
3289.jpeg,1728,2304,phone,35,305,305,1741
3292.jpeg,480,360,wallet,241,101,101,224
3295.jpeg,1632,1224,key,763,355,355,537
3295.jpeg,1632,1224,bag,787,213,213,1112
3295.jpeg,1632,1224,wallet,260,490,490,788
3295.jpeg,1632,1224,cup,487,318,318,973
3295.jpeg,1632,1224,phone,19,393,393,841
3296.jpeg,720,540,wallet,128,79,79,469
3298.jpeg,2000,1128,key,428,240,240,811
3299.jpeg,720,540,key,244,98,98,445
330.jpeg,2896,2172,key,1665,942,942,1263
330.jpeg,2896,2172,phone,441,572,572,1717
3300.jpeg,1500,1500,cup,73,383,383,917
3307.jpeg,718,960,cup,36,260,260,886
3308.jpeg,2896,2172,cup,306,472,472,1684
3312.jpeg,1736,2312,key,544,1091,1091,1479
3316.jpeg,1500,1500,key,561,390,390,1129
3317.jpeg,1368,1824,cup,396,373,373,1038
332.jpeg,540,720,bag,0,0,0,681
3320.jpeg,1984,1488,cup,385,208,208,740
3325.jpeg,480,360,cup,236,116,116,217
3326.jpeg,360,480,cup,76,31,31,399
3329.jpeg,2000,1496,wallet,594,485,485,1148
3331.jpeg,540,720,bag,119,8,8,708
3333.jpeg,1736,2312,key,520,995,995,1396
3340.jpeg,1728,2304,wallet,43,654,654,1492
3340.jpeg,1728,2304,key,760,1122,1122,1592
3342.jpeg,1512,2016,key,493,924,924,1092
3345.jpeg,720,540,bag,0,44,44,521
3345.jpeg,720,540,wallet,550,251,251,382
3351.jpeg,1512,2016,wallet,876,814,814,1336
3351.jpeg,1512,2016,cup,644,295,295,826
3353.jpeg,2000,1500,phone,129,6,6,606
3355.jpeg,1500,2000,cup,500,634,634,1587
3356.jpeg,2000,1128,key,294,273,273,609
3359.jpeg,1500,2000,bag,6,146,146,1875
3365.jpeg,1728,1728,wallet,456,457,457,1548
3366.jpeg,480,360,bag,128,118,118,334
3366.jpeg,480,360,wallet,259,79,79,168
3366.jpeg,480,360,phone,290,174,174,261
3366.jpeg,480,360,key,257,190,190,214
3366.jpeg,480,360,cup,188,60,60,136
3368.jpeg,480,360,wallet,179,91,91,172
3370.jpeg,2896,2172,wallet,697,25,25,1468
3374.jpeg,1512,2016,cup,224,121,121,1494
3375.jpeg,2896,2172,phone,280,583,583,1688
338.jpeg,2016,1512,bag,5,860,860,1512
3380.jpeg,1224,1632,bag,283,4,4,713
3380.jpeg,1224,1632,phone,550,1018,1018,1543
3380.jpeg,1224,1632,phone,286,1028,1028,1496
3380.jpeg,1224,1632,cup,428,655,655,1097
3380.jpeg,1224,1632,key,841,1100,1100,1273
3384.jpeg,2000,1500,wallet,646,414,414,1015
3385.jpeg,540,720,wallet,146,142,142,604
3389.jpeg,540,720,phone,343,220,220,375
3389.jpeg,540,720,cup,87,414,414,556
3389.jpeg,540,720,bag,101,192,192,538
3389.jpeg,540,720,key,300,182,182,232
3389.jpeg,540,720,phone,107,193,193,510
3390.jpeg,1824,1368,cup,194,578,578,1038
3391.jpeg,360,480,wallet,101,177,177,331
3400.jpeg,1632,1224,bag,740,218,218,1022
3400.jpeg,1632,1224,phone,366,161,161,620
3400.jpeg,1632,1224,cup,1,75,75,770
3400.jpeg,1632,1224,wallet,619,190,190,529
3404.jpeg,1512,2016,cup,579,226,226,1573
3405.jpeg,1500,2000,key,277,867,867,1360
341.jpeg,2016,1512,key,703,490,490,1031
3411.jpeg,2000,1125,bag,207,86,86,720
3411.jpeg,2000,1125,wallet,810,133,133,541
3411.jpeg,2000,1125,wallet,904,880,880,1116
3411.jpeg,2000,1125,key,1111,848,848,949
3412.jpeg,1500,1500,bag,0,55,55,1496
3413.jpeg,2896,2172,wallet,784,384,384,1979
342.jpeg,2896,2172,phone,427,591,591,1572
3420.jpeg,1728,2304,key,816,623,623,1073
3425.jpeg,1736,2312,phone,430,572,572,1961
3427.jpeg,1488,1984,phone,430,632,632,1541
3429.jpeg,2172,2896,wallet,1165,997,997,1833
3429.jpeg,2172,2896,phone,202,638,638,2015
3432.jpeg,1129,540,wallet,526,179,179,421
3432.jpeg,1129,540,key,597,423,423,537
3432.jpeg,1129,540,cup,391,50,50,526
3435.jpeg,1500,1500,cup,208,380,380,1100
3438.jpeg,1129,540,phone,448,168,168,430
3438.jpeg,1129,540,key,241,181,181,399
3440.jpeg,1512,2016,bag,26,468,468,1812
3443.jpeg,540,720,key,119,306,306,458
3446.jpeg,1500,1500,key,408,700,700,831
3446.jpeg,1500,1500,cup,229,295,295,707
3446.jpeg,1500,1500,wallet,402,955,955,1334
3446.jpeg,1500,1500,phone,716,258,258,918
3447.jpeg,1512,2016,key,284,990,990,1161
3453.jpeg,540,720,cup,124,207,207,522
3454.jpeg,360,480,cup,49,180,180,276
3454.jpeg,360,480,phone,79,268,268,356
3458.jpeg,480,360,cup,110,185,185,272
3464.jpeg,2304,1728,phone,374,555,555,1387
3465.jpeg,1500,2000,phone,102,224,224,1974
347.jpeg,960,718,phone,302,100,100,717
3471.jpeg,2000,1500,key,550,249,249,1082
3478.jpeg,1500,2000,key,589,1704,1704,1871
3478.jpeg,1500,2000,bag,225,734,734,1507
3478.jpeg,1500,2000,phone,545,182,182,371
3478.jpeg,1500,2000,wallet,515,462,462,655
3478.jpeg,1500,2000,cup,523,1527,1527,1674
3481.jpeg,2000,1500,bag,131,462,462,1466
3481.jpeg,2000,1500,wallet,900,856,856,1086
3481.jpeg,2000,1500,phone,1252,768,768,1041
3481.jpeg,2000,1500,cup,1018,683,683,1063
3481.jpeg,2000,1500,key,920,513,513,619
3484.jpeg,1728,1728,wallet,274,605,605,1281
3484.jpeg,1728,1728,cup,1351,561,561,1337
3490.jpeg,2000,1125,phone,729,150,150,913
3494.jpeg,1500,1500,key,704,429,429,983
3499.jpeg,101,76,cup,16,14,14,47
3500.jpeg,1512,2016,key,341,187,187,1910
3503.jpeg,2000,1500,key,789,509,509,1433
3504.jpeg,1728,1728,bag,230,200,200,1482
3510.jpeg,360,480,cup,80,70,70,249
3511.jpeg,2312,1736,wallet,540,1097,1097,1608
3511.jpeg,2312,1736,cup,842,289,289,1384
3511.jpeg,2312,1736,key,760,836,836,1090
3512.jpeg,1736,2312,phone,399,527,527,1975
352.jpeg,1512,2016,bag,5,860,860,1575
3521.jpeg,2000,1500,key,536,681,681,971
3525.jpeg,2000,1500,wallet,685,265,265,1283
3529.jpeg,2304,1728,wallet,1072,154,154,711
3529.jpeg,2304,1728,key,1747,576,576,832
3529.jpeg,2304,1728,phone,1115,882,882,1436
3529.jpeg,2304,1728,cup,429,569,569,1117
353.jpeg,1824,1368,wallet,810,336,336,997
3531.jpeg,360,480,bag,59,3,3,270
3531.jpeg,360,480,key,110,295,295,363
3531.jpeg,360,480,phone,147,203,203,327
3531.jpeg,360,480,cup,17,141,141,256
3537.jpeg,2896,2172,wallet,155,205,205,1654
3541.jpeg,1512,2016,phone,420,735,735,1615
3542.jpeg,2880,1620,key,1020,454,454,1056
3546.jpeg,1728,2304,wallet,0,700,700,1818
3547.jpeg,480,360,cup,114,149,149,243
3552.jpeg,1512,2016,cup,379,155,155,1443
3552.jpeg,1512,2016,key,0,1702,1702,1968
3554.jpeg,1620,2880,phone,464,1281,1281,1698
3556.jpeg,1512,2016,bag,274,635,635,2015
3561.jpeg,480,360,cup,72,110,110,225
3563.jpeg,2896,2172,wallet,505,1208,1208,1804
3563.jpeg,2896,2172,cup,1457,448,448,1755
3566.jpeg,2880,1620,bag,640,42,42,1619
3567.jpeg,1728,1728,key,674,160,160,1334
3572.jpeg,1920,2560,wallet,889,296,296,971
3572.jpeg,1920,2560,phone,42,142,142,757
3572.jpeg,1920,2560,cup,1149,1583,1583,2554
3572.jpeg,1920,2560,cup,1079,759,759,1638
3572.jpeg,1920,2560,key,856,2120,2120,2439
3572.jpeg,1920,2560,bag,68,795,795,2211
3577.jpeg,1500,1500,cup,694,370,370,1045
3578.jpeg,2304,1728,cup,1030,344,344,1283
3580.jpeg,2000,1500,phone,541,546,546,1048
3582.jpeg,101,76,key,41,39,39,74
3582.jpeg,101,76,cup,12,1,1,25
3586.jpeg,2000,1500,cup,101,790,790,1449
3586.jpeg,2000,1500,cup,651,418,418,1290
3586.jpeg,2000,1500,cup,1208,248,248,1257
3591.jpeg,960,718,key,368,458,458,564
3591.jpeg,960,718,phone,270,45,45,357
3593.jpeg,1728,2304,wallet,423,818,818,2115
3597.jpeg,1500,2000,bag,0,736,736,1898
3597.jpeg,1500,2000,wallet,775,1097,1097,1339
3597.jpeg,1500,2000,key,654,752,752,855
3597.jpeg,1500,2000,phone,1080,874,874,1140
3597.jpeg,1500,2000,cup,843,540,540,962
3598.jpeg,1129,540,key,488,168,168,305
360.jpeg,1824,1368,phone,218,154,154,1186
3600.jpeg,2896,2172,phone,459,755,755,1848
3604.jpeg,2016,1512,wallet,107,430,430,1019
3609.jpeg,250,250,wallet,49,33,33,235
3612.jpeg,1984,1488,key,241,314,314,523
3612.jpeg,1984,1488,wallet,925,383,383,912
3613.jpeg,1488,1984,bag,284,679,679,1168
3618.jpeg,1632,1224,phone,616,559,559,711
3618.jpeg,1632,1224,cup,772,469,469,662
3618.jpeg,1632,1224,bag,879,228,228,700
3618.jpeg,1632,1224,wallet,418,624,624,754
3618.jpeg,1632,1224,key,893,705,705,791
3621.jpeg,1728,1728,wallet,244,467,467,1198
3622.jpeg,360,480,wallet,78,180,180,319
3623.jpeg,2016,1512,phone,55,398,398,1274
3624.jpeg,2000,1496,phone,632,196,196,1273
3630.jpeg,1368,1824,key,396,482,482,1342
3631.jpeg,540,720,phone,102,116,116,704
3641.jpeg,2000,1500,wallet,1077,1023,1023,1382
3641.jpeg,2000,1500,bag,214,0,0,1448
3641.jpeg,2000,1500,phone,1052,614,614,915
3641.jpeg,2000,1500,key,1300,79,79,426
3642.jpeg,1368,1824,bag,0,0,0,1513
3642.jpeg,1368,1824,key,952,1010,1010,1203
3642.jpeg,1368,1824,phone,237,1358,1358,1731
3642.jpeg,1368,1824,cup,1118,257,257,838
3642.jpeg,1368,1824,key,892,1510,1510,1704
3643.jpeg,1500,1500,cup,273,347,347,721
3644.jpeg,1824,1368,cup,1240,182,182,656
3644.jpeg,1824,1368,wallet,1109,674,674,1010
3644.jpeg,1824,1368,bag,767,355,355,1119
3644.jpeg,1824,1368,key,1350,1003,1003,1102
3653.jpeg,1984,1488,cup,585,227,227,900
3653.jpeg,1984,1488,key,1037,823,823,1178
3654.jpeg,1632,1224,bag,781,191,191,1061
3654.jpeg,1632,1224,cup,53,166,166,812
3654.jpeg,1632,1224,key,536,630,630,789
3654.jpeg,1632,1224,phone,564,174,174,644
3654.jpeg,1632,1224,wallet,970,123,123,407
3658.jpeg,1512,2016,phone,42,81,81,1667
3661.jpeg,2000,1500,phone,130,350,350,1206
3666.jpeg,2000,1500,wallet,167,91,91,1364
367.jpeg,1496,2000,wallet,197,247,247,1699
3670.jpeg,2304,1728,key,219,467,467,934
3671.jpeg,2000,1500,wallet,0,63,63,1420
3677.jpeg,2000,1500,cup,1034,172,172,1379
3677.jpeg,2000,1500,cup,317,107,107,1411
3678.jpeg,2304,1728,phone,607,497,497,1300
368.jpeg,2000,1500,wallet,392,191,191,1321
3683.jpeg,2000,1496,cup,491,26,26,1398
3685.jpeg,1512,2016,cup,430,299,299,1409
3692.jpeg,1368,1824,bag,388,529,529,1379
3696.jpeg,2016,1512,bag,878,209,209,1071
3696.jpeg,2016,1512,cup,379,62,62,724
3696.jpeg,2016,1512,key,450,1005,1005,1404
3697.jpeg,1512,2016,phone,555,84,84,1936
3699.jpeg,1824,1368,bag,621,120,120,1059
3708.jpeg,1728,2304,wallet,350,564,564,1138
3708.jpeg,1728,2304,key,636,1135,1135,1815
3709.jpeg,1512,2016,key,21,361,361,1585
3715.jpeg,1512,2016,phone,313,206,206,1924
3716.jpeg,2016,1512,bag,23,1,1,1511
3723.jpeg,1620,2880,phone,540,882,882,1872
3723.jpeg,1620,2880,key,495,886,886,1838
3727.jpeg,1368,1824,cup,368,392,392,1058
3730.jpeg,2000,1500,key,767,529,529,1176
3734.jpeg,720,540,key,193,58,58,266
3736.jpeg,2016,1512,key,230,497,497,1450
3738.jpeg,2000,1500,bag,600,39,39,1499
3743.jpeg,1920,2560,key,649,858,858,2217
3745.jpeg,1728,1728,key,863,691,691,850
3751.jpeg,1984,1488,cup,627,240,240,794
3751.jpeg,1984,1488,wallet,1010,642,642,896
3751.jpeg,1984,1488,key,1400,433,433,631
3752.jpeg,76,101,phone,27,23,23,79
3755.jpeg,1728,2304,key,163,1377,1377,2108
3760.jpeg,2000,1128,cup,618,369,369,1127
3763.jpeg,1512,2016,phone,97,384,384,2015
3764.jpeg,1620,2880,phone,263,1443,1443,2080
3764.jpeg,1620,2880,cup,208,418,418,1401
3764.jpeg,1620,2880,key,485,1103,1103,1562
3768.jpeg,1512,2016,cup,324,307,307,1450
3772.jpeg,480,216,phone,60,41,41,181
3778.jpeg,2016,1512,key,153,183,183,817
3781.jpeg,540,720,bag,4,24,24,650
3783.jpeg,2172,2896,phone,334,1394,1394,2156
3783.jpeg,2172,2896,bag,263,49,49,2764
3792.jpeg,2104,1560,key,876,374,374,1375
3793.jpeg,2016,1512,wallet,403,84,84,1371
3794.jpeg,2304,1728,bag,525,516,516,1470
38.jpeg,2896,2172,key,1239,596,596,1735
380.jpeg,1728,1728,cup,237,611,611,1189
3801.jpeg,1500,1500,cup,85,424,424,977
3802.jpeg,1728,2304,phone,393,808,808,2101
3804.jpeg,1488,1984,phone,616,812,812,1473
3805.jpeg,1512,2016,bag,0,525,525,1887
381.jpeg,1368,1824,cup,459,161,161,1128
3812.jpeg,1728,2304,key,696,452,452,1040
3815.jpeg,1512,2016,phone,33,295,295,1386
3816.jpeg,1368,1824,bag,169,590,590,1549
3820.jpeg,250,250,wallet,6,43,43,196
3820.jpeg,250,250,phone,47,48,48,194
3825.jpeg,2896,2172,wallet,537,341,341,1834
3828.jpeg,1824,1368,cup,859,114,114,1079
3829.jpeg,1512,2016,bag,423,320,320,1681
3829.jpeg,1512,2016,wallet,80,741,741,1199
3840.jpeg,1512,2016,wallet,785,492,492,1155
3840.jpeg,1512,2016,phone,364,100,100,540
3840.jpeg,1512,2016,bag,110,984,984,1931
3840.jpeg,1512,2016,key,316,555,555,1157
3841.jpeg,1728,2304,cup,697,304,304,1786
3847.jpeg,720,540,cup,45,101,101,227
3847.jpeg,720,540,bag,191,54,54,345
3847.jpeg,720,540,key,311,418,418,477
3847.jpeg,720,540,wallet,541,139,139,244
3851.jpeg,720,540,wallet,87,112,112,504
3856.jpeg,1728,2304,phone,292,898,898,1681
3858.jpeg,2000,1500,wallet,1140,41,41,492
3858.jpeg,2000,1500,key,832,129,129,341
3858.jpeg,2000,1500,phone,236,148,148,716
3858.jpeg,2000,1500,cup,2,899,899,1414
3858.jpeg,2000,1500,bag,440,477,477,1480
3864.jpeg,2000,1125,bag,176,67,67,1010
3865.jpeg,3648,2736,phone,555,654,654,2143
3868.jpeg,1824,1368,key,691,335,335,947
3869.jpeg,718,960,key,81,362,362,658
3871.jpeg,480,216,phone,71,79,79,214
3872.jpeg,400,400,wallet,16,4,4,385
3874.jpeg,2000,1125,wallet,911,83,83,303
3874.jpeg,2000,1125,bag,549,295,295,1103
3874.jpeg,2000,1125,key,209,709,709,1015
3874.jpeg,2000,1125,phone,488,71,71,306
3877.jpeg,1512,2016,key,635,973,973,1270
3879.jpeg,1512,2016,key,589,883,883,1277
3881.jpeg,720,540,phone,468,341,341,502
3881.jpeg,720,540,cup,22,128,128,249
3881.jpeg,720,540,wallet,502,148,148,250
3881.jpeg,720,540,key,286,413,413,482
3881.jpeg,720,540,bag,161,75,75,365
3884.jpeg,1728,2304,bag,285,558,558,1573
3889.jpeg,1512,2016,phone,272,163,163,1240
3889.jpeg,1512,2016,cup,605,906,906,1816
389.jpeg,2000,1496,key,633,380,380,780
3893.jpeg,1512,2016,wallet,52,113,113,1957
3896.jpeg,2000,1500,wallet,244,510,510,809
3896.jpeg,2000,1500,cup,402,1136,1136,1499
3896.jpeg,2000,1500,bag,219,0,0,492
3896.jpeg,2000,1500,phone,632,562,562,1127
3896.jpeg,2000,1500,key,242,801,801,1120
3896.jpeg,2000,1500,bag,1097,547,547,1499
3898.jpeg,2000,1500,bag,154,17,17,1497
3902.jpeg,2172,2896,phone,179,1449,1449,2334
3902.jpeg,2172,2896,wallet,563,532,532,1379
395.jpeg,2560,1920,cup,716,158,158,1299
395.jpeg,2560,1920,cup,5,26,26,647
396.jpeg,2000,1500,cup,495,31,31,1117
398.jpeg,480,360,bag,163,3,3,294
398.jpeg,480,360,cup,93,105,105,246
398.jpeg,480,360,key,196,288,288,354
40.jpeg,1512,2016,wallet,95,491,491,1559
407.jpeg,2016,1512,key,804,309,309,1024
409.jpeg,1824,1368,wallet,194,176,176,1091
41.jpeg,1512,2016,key,419,749,749,1107
410.jpeg,1512,2016,wallet,209,973,973,1777
410.jpeg,1512,2016,phone,85,349,349,1018
412.jpeg,300,235,key,40,48,48,199
418.jpeg,101,76,cup,9,3,3,41
418.jpeg,101,76,key,31,49,49,75
422.jpeg,2000,1500,key,682,344,344,874
424.jpeg,250,250,wallet,65,27,27,232
430.jpeg,1920,2560,key,339,976,976,1779
431.jpeg,2000,1128,cup,452,7,7,1110
432.jpeg,1500,1500,bag,0,193,193,1353
438.jpeg,550,695,phone,145,61,61,606
443.jpeg,2000,1500,cup,800,50,50,1433
444.jpeg,1368,1824,cup,164,47,47,1735
457.jpeg,1512,2016,bag,76,131,131,1741
458.jpeg,2304,1728,key,786,224,224,1584
460.jpeg,2000,1500,cup,160,367,367,1189
467.jpeg,1824,1368,bag,504,156,156,1278
468.jpeg,1512,2016,key,513,1074,1074,1241
474.jpeg,1728,2304,cup,602,702,702,1426
476.jpeg,2016,1512,cup,1153,124,124,989
476.jpeg,2016,1512,wallet,557,525,525,851
481.jpeg,480,360,wallet,250,99,99,221
482.jpeg,1728,1728,bag,270,62,62,1571
488.jpeg,2000,1500,phone,301,3,3,1483
489.jpeg,480,360,wallet,283,42,42,241
490.jpeg,480,360,phone,43,107,107,273
490.jpeg,480,360,key,406,139,139,196
490.jpeg,480,360,bag,139,14,14,345
490.jpeg,480,360,wallet,320,126,126,237
495.jpeg,360,480,key,127,159,159,344
499.jpeg,1500,1500,wallet,13,314,314,841
500.jpeg,540,720,bag,0,0,0,682
506.jpeg,2000,1500,cup,571,358,358,1188
510.jpeg,2000,1128,key,693,333,333,1017
511.jpeg,2000,1125,bag,112,31,31,1064
515.jpeg,250,250,wallet,28,13,13,227
519.jpeg,2016,1512,key,538,447,447,722
519.jpeg,2016,1512,key,946,279,279,1041
523.jpeg,381,323,bag,104,25,25,280
524.jpeg,1500,1500,wallet,113,429,429,959
528.jpeg,720,960,cup,137,37,37,547
528.jpeg,720,960,phone,277,516,516,955
528.jpeg,720,960,key,276,606,606,732
528.jpeg,720,960,bag,11,5,5,633
528.jpeg,720,960,wallet,16,478,478,885
53.jpeg,1984,1488,wallet,617,621,621,918
53.jpeg,1984,1488,key,972,686,686,946
53.jpeg,1984,1488,phone,922,437,437,752
531.jpeg,2016,1512,phone,700,548,548,1158
532.jpeg,360,480,bag,22,40,40,457
541.jpeg,1728,2304,key,349,291,291,925
542.jpeg,1500,2000,phone,527,644,644,1499
545.jpeg,1824,1368,cup,57,318,318,977
545.jpeg,1824,1368,wallet,13,338,338,965
549.jpeg,1824,1368,wallet,728,282,282,894
551.jpeg,1512,2016,key,608,786,786,1109
553.jpeg,1728,2304,wallet,2,260,260,2090
558.jpeg,1512,2016,key,376,1120,1120,1296
567.jpeg,1500,1500,bag,0,128,128,1437
569.jpeg,2000,1500,cup,395,363,363,1394
57.jpeg,2304,1728,cup,856,713,713,1156
573.jpeg,2000,1496,key,613,405,405,824
578.jpeg,2000,1500,wallet,584,556,556,1138
580.jpeg,1368,1824,key,287,465,465,1528
583.jpeg,1512,2016,bag,17,220,220,1985
583.jpeg,1512,2016,key,382,76,76,263
589.jpeg,2000,1128,key,217,177,177,622
59.jpeg,1728,2304,cup,629,488,488,1264
591.jpeg,2000,1500,key,578,208,208,1184
599.jpeg,2896,2172,cup,702,891,891,2120
599.jpeg,2896,2172,phone,926,7,7,707
60.jpeg,1620,2880,phone,378,1187,1187,1681
602.jpeg,1512,2016,wallet,857,707,707,1148
602.jpeg,1512,2016,cup,583,1005,1005,1476
604.jpeg,1728,1728,key,192,442,442,1361
610.jpeg,250,250,bag,45,22,22,234
614.jpeg,2304,1728,key,620,857,857,1253
620.jpeg,2000,1500,wallet,557,104,104,568
620.jpeg,2000,1500,cup,1169,679,679,1271
620.jpeg,2000,1500,cup,31,772,772,1367
620.jpeg,2000,1500,key,842,830,830,1359
625.jpeg,2312,1736,key,773,794,794,1102
625.jpeg,2312,1736,cup,592,194,194,1197
625.jpeg,2312,1736,wallet,721,1143,1143,1523
631.jpeg,1736,2312,wallet,388,832,832,1541
637.jpeg,2000,1496,wallet,638,389,389,973
640.jpeg,1500,2000,wallet,0,239,239,1743
642.jpeg,664,373,key,34,121,121,307
644.jpeg,540,720,phone,133,226,226,632
653.jpeg,2000,1500,cup,250,143,143,1059
656.jpeg,1368,1824,phone,459,507,507,1342
670.jpeg,2000,1500,wallet,543,442,442,1259
675.jpeg,540,720,wallet,46,440,440,600
675.jpeg,540,720,cup,334,365,365,457
675.jpeg,540,720,bag,0,55,55,457
675.jpeg,540,720,key,239,403,403,477
680.jpeg,1728,2304,key,297,923,923,1173
680.jpeg,1728,2304,cup,787,291,291,1087
680.jpeg,1728,2304,wallet,139,1292,1292,2025
690.jpeg,1368,1824,wallet,322,428,428,1128
693.jpeg,1728,2304,key,573,924,924,2017
697.jpeg,2304,1728,bag,494,35,35,1727
702.jpeg,2000,1500,bag,208,39,39,1322
707.jpeg,1984,1488,wallet,824,528,528,1055
712.jpeg,1984,1488,cup,869,487,487,1056
712.jpeg,1984,1488,wallet,1184,188,188,356
712.jpeg,1984,1488,key,954,107,107,413
719.jpeg,1496,2000,key,93,511,511,1795
72.jpeg,2304,1728,key,1437,1184,1184,1453
728.jpeg,2880,1620,cup,920,410,410,824
732.jpeg,250,212,bag,28,6,6,211
734.jpeg,1728,1728,wallet,299,722,722,1447
739.jpeg,540,720,key,140,326,326,537
741.jpeg,1984,1488,wallet,751,528,528,1074
745.jpeg,1512,2016,cup,24,260,260,1940
747.jpeg,480,216,phone,96,30,30,131
752.jpeg,540,720,key,127,202,202,566
758.jpeg,1984,1488,wallet,685,821,821,1230
758.jpeg,1984,1488,key,1511,444,444,681
758.jpeg,1984,1488,phone,938,633,633,929
762.jpeg,360,480,bag,79,37,37,295
762.jpeg,360,480,phone,72,325,325,459
762.jpeg,360,480,cup,155,277,277,411
762.jpeg,360,480,key,86,221,221,276
763.jpeg,1620,2880,key,519,971,971,1820
766.jpeg,720,960,cup,10,153,153,758
772.jpeg,1736,2312,wallet,465,770,770,1671
775.jpeg,1824,1368,cup,693,36,36,999
782.jpeg,1728,1728,bag,54,340,340,1267
783.jpeg,1824,1368,cup,1197,120,120,728
783.jpeg,1824,1368,bag,332,43,43,785
783.jpeg,1824,1368,wallet,825,592,592,932
783.jpeg,1824,1368,key,900,982,982,1194
786.jpeg,2000,1500,bag,332,460,460,1404
786.jpeg,2000,1500,key,291,1095,1095,1331
786.jpeg,2000,1500,phone,203,550,550,797
786.jpeg,2000,1500,wallet,808,349,349,538
79.jpeg,1224,1632,bag,220,0,0,702
79.jpeg,1224,1632,cup,359,657,657,1149
79.jpeg,1224,1632,phone,221,1058,1058,1515
79.jpeg,1224,1632,phone,230,1032,1032,1573
79.jpeg,1224,1632,wallet,550,1051,1051,1604
79.jpeg,1224,1632,key,819,1131,1131,1295
796.jpeg,1824,1368,wallet,515,157,157,922
798.jpeg,1728,2304,wallet,566,1109,1109,1591
799.jpeg,1500,2000,bag,84,22,22,1870
806.jpeg,480,360,cup,216,162,162,247
807.jpeg,1824,1368,phone,161,228,228,930
81.jpeg,2000,1500,cup,1039,501,501,1446
81.jpeg,2000,1500,cup,377,478,478,1457
810.jpeg,250,250,phone,84,77,77,241
810.jpeg,250,250,phone,4,16,16,163
818.jpeg,1728,2304,key,629,1262,1262,1652
819.jpeg,718,960,bag,239,44,44,925
821.jpeg,718,960,key,136,406,406,721
823.jpeg,1728,2304,key,623,1232,1232,1548
827.jpeg,1512,2016,key,556,801,801,1088
832.jpeg,720,540,key,277,160,160,226
832.jpeg,720,540,wallet,388,153,153,297
832.jpeg,720,540,cup,184,251,251,373
836.jpeg,2896,2172,cup,471,174,174,1607
836.jpeg,2896,2172,phone,1590,980,980,1991
839.jpeg,1728,1728,bag,180,154,154,1623
845.jpeg,1824,1368,wallet,327,186,186,999
85.jpeg,1500,2000,wallet,73,271,271,1842
851.jpeg,1728,2304,wallet,240,458,458,2191
861.jpeg,1500,2000,bag,2,522,522,1999
866.jpeg,1500,2000,wallet,53,518,518,1792
868.jpeg,2896,2172,cup,314,677,677,1554
873.jpeg,1512,2016,wallet,129,510,510,1390
877.jpeg,2304,1728,phone,621,86,86,1615
879.jpeg,1368,1824,bag,34,389,389,1143
879.jpeg,1368,1824,wallet,557,1056,1056,1288
879.jpeg,1368,1824,cup,804,491,491,1056
886.jpeg,2016,1512,bag,230,452,452,1482
886.jpeg,2016,1512,cup,400,18,18,507
886.jpeg,2016,1512,phone,1204,535,535,877
886.jpeg,2016,1512,wallet,163,307,307,574
886.jpeg,2016,1512,key,906,230,230,493
892.jpeg,1500,1500,wallet,485,616,616,1255
893.jpeg,850,445,wallet,226,52,52,433
899.jpeg,540,720,key,193,405,405,519
90.jpeg,1736,2312,phone,104,882,882,2038
902.jpeg,1500,2000,phone,22,585,585,1426
906.jpeg,1368,1824,phone,402,379,379,1612
912.jpeg,2304,1728,wallet,1059,177,177,745
912.jpeg,2304,1728,phone,1089,1041,1041,1555
912.jpeg,2304,1728,key,1573,732,732,861
912.jpeg,2304,1728,cup,462,485,485,1302
916.jpeg,2304,1728,phone,1067,1103,1103,1427
916.jpeg,2304,1728,wallet,1233,324,324,812
916.jpeg,2304,1728,key,1656,854,854,1024
916.jpeg,2304,1728,cup,254,611,611,1055
921.jpeg,480,360,wallet,80,123,123,303
926.jpeg,2560,1920,cup,374,437,437,1432
928.jpeg,1984,1488,key,757,842,842,1112
928.jpeg,1984,1488,phone,1109,671,671,1249
928.jpeg,1984,1488,wallet,712,545,545,824
93.jpeg,1920,2560,wallet,331,603,603,1665
933.jpeg,1512,2016,wallet,154,521,521,1303
939.jpeg,1512,2016,key,548,860,860,1035
940.jpeg,2000,1500,bag,187,26,26,1465
946.jpeg,1824,1368,phone,999,774,774,1203
946.jpeg,1824,1368,key,1081,168,168,309
946.jpeg,1824,1368,bag,0,41,41,1164
946.jpeg,1824,1368,cup,1285,77,77,695
950.jpeg,2304,1728,key,529,662,662,1343
953.jpeg,1736,2312,bag,299,670,670,1581
957.jpeg,550,695,bag,87,71,71,634
965.jpeg,1984,1488,key,955,672,672,994
965.jpeg,1984,1488,wallet,0,1052,1052,1458
967.jpeg,1728,2304,wallet,319,281,281,2144
97.jpeg,2016,1512,cup,241,483,483,1121
974.jpeg,2016,1512,bag,292,392,392,1511
974.jpeg,2016,1512,wallet,260,364,364,632
974.jpeg,2016,1512,wallet,1395,382,382,847
974.jpeg,2016,1512,cup,342,12,12,541
974.jpeg,2016,1512,phone,1388,387,387,883
979.jpeg,1488,1984,phone,111,849,849,1376
981.jpeg,1512,2016,phone,263,286,286,1733
986.jpeg,720,960,wallet,13,145,145,696
990.jpeg,2000,1496,cup,437,79,79,847
990.jpeg,2000,1496,wallet,1136,570,570,1116
992.jpeg,2304,1728,phone,239,168,168,1615
